{"_runtime":1609.686841499,"_timestamp":1.7657106798017697e+09,"train/samples":200000,"train/dataloading_s":0.002293249235954136,"train/update_s":0.06072092950111255,"train/grad_norm":10.447264058589935,"train/epochs":6.6405471810877215,"_wandb":{"runtime":1609},"_step":25000,"train/steps":25000,"train/episodes":398.4328308652633,"train/loss":0.12678424092009663,"train/lr":1.0000000000000021e-05,"train/kld_loss":0.0009423382580280304,"train/l1_loss":0.20800486207008362}