{"train/lr":1.0000000000000021e-05,"train/episodes":400.9047943064163,"_timestamp":1.7657140858301096e+09,"train/loss":0.12783551203086974,"_runtime":1717.904471737,"train/l1_loss":0.15845012664794922,"_step":25000,"train/grad_norm":11.71979553937912,"train/steps":25000,"train/samples":200000,"train/kld_loss":0.0010953322052955627,"train/dataloading_s":0.002321377918124199,"train/update_s":0.061115420733112845,"train/epochs":3.6780256358386816,"_wandb":{"runtime":1717}}